{"Integrity": 0.21052631578947367, "PRICE": 45, "Gains": 20, "POWER": 60, "MAX": 60}
{"Integrity": 0.42105263157894735, "PRICE": 45, "Gains": 25, "POWER": 55, "MAX": 60}
{"Integrity": 0.73541648956, "PRICE": 45, "Gains": 30, "POWER": 30, "MAX": 60}
