{"Integrity": 1, "PRICE": 35, "Gains": 112, "POWER": 55, "MAX": 55}
{"MAX": 55, "PRICE": 35, "Integrity": 0.8421052631578947, "Gains": 125.3365714414, "POWER": 45.87018228503}
